{"num_train_pairs":21176,"test_skipped_batches":0,"train_batches":83,"train_skipped":0,"test/test_batches":11,"_step":2075,"val_reward_accuracy":0.8386853041178692,"val_skipped":0,"_wandb":{"runtime":27734},"train_loss":0.500435431319547,"test/test_pairs":2647,"num_val_pairs":2647,"test_batches":11,"train_step/loss":0.4737720489501953,"train_reward_margin":NaN,"lr":1e-05,"test/test_reward_accuracy":0.8213071401586702,"val_loss":0.4917516681281003,"_runtime":27734,"test_implicit_kl":-8.030821648551962,"test_reward_accuracy":0.8213071401586702,"test_reward_margin":0.538159392398505,"test/num_train_pairs":21176,"test/test_skipped_batches":0,"test_perplexity":34.59097378813279,"step":2072,"val_pairs":2647,"test/test_implicit_kl":-8.030821648551962,"best_val_loss":0.4917516681281003,"test/test_reward_margin":0.538159392398505,"num_test_pairs":2647,"train_pairs":0,"test/best_val_loss":0.4917516681281003,"val_batches":11,"test_pairs":2647,"epoch":25,"test/num_val_pairs":2647,"train_reward_accuracy":NaN,"test/test_perplexity":34.59097378813279,"val_reward_margin":0.5656239691065115,"val_implicit_kl":-7.9875848018587154,"test_loss":0.5039257786490701,"train_implicit_kl":NaN,"test/num_test_pairs":2647,"_timestamp":1.7753980298638177e+09,"test/test_loss":0.5039257786490701}