{"_runtime":27354,"train_reward_margin":NaN,"train_reward_accuracy":NaN,"num_val_pairs":2680,"num_train_pairs":21445,"val_reward_accuracy":0.8264925373134329,"test/num_test_pairs":2682,"step":2096,"lr":1e-05,"val_batches":11,"test_loss":0.49320601604201575,"_wandb":{"runtime":27354},"test/test_loss":0.49320601604201575,"test/test_batches":11,"test/test_reward_accuracy":0.8225205070842655,"test_implicit_kl":-8.275567631504591,"train_implicit_kl":NaN,"test_reward_margin":0.5768769789012718,"test/test_perplexity":34.816899993008946,"best_val_loss":0.49195110256021674,"_step":2100,"test/test_implicit_kl":-8.275567631504591,"train_step/loss":0.4927194118499756,"test/num_val_pairs":2680,"val_reward_margin":0.5685960577941804,"train_batches":84,"epoch":25,"val_implicit_kl":-8.387362334977334,"train_pairs":0,"train_skipped":0,"train_loss":0.49572698913869406,"val_pairs":2680,"test_batches":11,"test_perplexity":34.816899993008946,"val_skipped":0,"val_loss":0.49208243868567725,"test/test_skipped_batches":0,"test_reward_accuracy":0.8225205070842655,"test/best_val_loss":0.49195110256021674,"_timestamp":1.7753519589878614e+09,"test/num_train_pairs":21445,"test_skipped_batches":0,"test/test_pairs":2682,"num_test_pairs":2682,"test/test_reward_margin":0.5768769789012718,"test_pairs":2682}