{
  "best_val_loss": 0.49195110256021674,
  "test_loss": 0.49320601604201575,
  "test_reward_accuracy": 0.8225205070842655,
  "test_reward_margin": 0.5768769789012718,
  "test_implicit_kl": -8.275567631504591,
  "test_perplexity": 34.816899993008946,
  "test_batches": 11,
  "test_pairs": 2682,
  "test_skipped_batches": 0,
  "num_train_pairs": 21445,
  "num_val_pairs": 2680,
  "num_test_pairs": 2682
}